<annotation>
	<folder>train</folder>
	<filename>1047.jpg</filename>
	<path>/home/alex/tensorflow/tensorflow_pkg/tf_1.12_cuda10.0/models/research/object_detection/images/train/1047.jpg</path>
	<source>
		<database>Unknown</database>
	</source>
	<size>
		<width>1920</width>
		<height>1080</height>
		<depth>3</depth>
	</size>
	<segmented>0</segmented>
	<object>
		<name>Jiffy Splice</name>
		<pose>Unspecified</pose>
		<truncated>0</truncated>
		<difficult>0</difficult>
		<bndbox>
			<xmin>999</xmin>
			<ymin>264</ymin>
			<xmax>1047</xmax>
			<ymax>335</ymax>
		</bndbox>
	</object>
	<object>
		<name>Jiffy Splice</name>
		<pose>Unspecified</pose>
		<truncated>0</truncated>
		<difficult>0</difficult>
		<bndbox>
			<xmin>1037</xmin>
			<ymin>867</ymin>
			<xmax>1091</xmax>
			<ymax>953</ymax>
		</bndbox>
	</object>
	<object>
		<name>Jiffy Splice</name>
		<pose>Unspecified</pose>
		<truncated>1</truncated>
		<difficult>0</difficult>
		<bndbox>
			<xmin>1074</xmin>
			<ymin>1041</ymin>
			<xmax>1118</xmax>
			<ymax>1080</ymax>
		</bndbox>
	</object>
</annotation>
