<annotation>
	<folder>train</folder>
	<filename>1174.jpg</filename>
	<path>/home/alex/tensorflow/tensorflow_pkg/tf_1.12_cuda10.0/models/research/object_detection/images/train/1174.jpg</path>
	<source>
		<database>Unknown</database>
	</source>
	<size>
		<width>1920</width>
		<height>1080</height>
		<depth>3</depth>
	</size>
	<segmented>0</segmented>
	<object>
		<name>Ceramic/Porcelain Insulator</name>
		<pose>Unspecified</pose>
		<truncated>0</truncated>
		<difficult>0</difficult>
		<bndbox>
			<xmin>461</xmin>
			<ymin>180</ymin>
			<xmax>733</xmax>
			<ymax>331</ymax>
		</bndbox>
	</object>
	<object>
		<name>Ceramic/Porcelain Insulator</name>
		<pose>Unspecified</pose>
		<truncated>0</truncated>
		<difficult>0</difficult>
		<bndbox>
			<xmin>453</xmin>
			<ymin>749</ymin>
			<xmax>706</xmax>
			<ymax>896</ymax>
		</bndbox>
	</object>
	<object>
		<name>Dead-end Ceramic Insulator</name>
		<pose>Unspecified</pose>
		<truncated>0</truncated>
		<difficult>0</difficult>
		<bndbox>
			<xmin>171</xmin>
			<ymin>363</ymin>
			<xmax>718</xmax>
			<ymax>491</ymax>
		</bndbox>
	</object>
	<object>
		<name>Dead-end Ceramic Insulator</name>
		<pose>Unspecified</pose>
		<truncated>1</truncated>
		<difficult>0</difficult>
		<bndbox>
			<xmin>165</xmin>
			<ymin>991</ymin>
			<xmax>687</xmax>
			<ymax>1080</ymax>
		</bndbox>
	</object>
</annotation>
