<annotation>
	<folder>train</folder>
	<filename>1209.jpg</filename>
	<path>/home/alex/tensorflow/tensorflow_pkg/tf_1.12_cuda10.0/models/research/object_detection/images/train/1209.jpg</path>
	<source>
		<database>Unknown</database>
	</source>
	<size>
		<width>1920</width>
		<height>1080</height>
		<depth>3</depth>
	</size>
	<segmented>0</segmented>
	<object>
		<name>Ceramic/Porcelain Insulator</name>
		<pose>Unspecified</pose>
		<truncated>0</truncated>
		<difficult>0</difficult>
		<bndbox>
			<xmin>954</xmin>
			<ymin>68</ymin>
			<xmax>1013</xmax>
			<ymax>105</ymax>
		</bndbox>
	</object>
	<object>
		<name>Ceramic/Porcelain Insulator</name>
		<pose>Unspecified</pose>
		<truncated>0</truncated>
		<difficult>0</difficult>
		<bndbox>
			<xmin>954</xmin>
			<ymin>181</ymin>
			<xmax>1011</xmax>
			<ymax>216</ymax>
		</bndbox>
	</object>
	<object>
		<name>Ceramic/Porcelain Insulator</name>
		<pose>Unspecified</pose>
		<truncated>0</truncated>
		<difficult>0</difficult>
		<bndbox>
			<xmin>953</xmin>
			<ymin>295</ymin>
			<xmax>1010</xmax>
			<ymax>331</ymax>
		</bndbox>
	</object>
	<object>
		<name>Dead-end Ceramic Insulator</name>
		<pose>Unspecified</pose>
		<truncated>0</truncated>
		<difficult>0</difficult>
		<bndbox>
			<xmin>897</xmin>
			<ymin>109</ymin>
			<xmax>1014</xmax>
			<ymax>144</ymax>
		</bndbox>
	</object>
	<object>
		<name>Dead-end Ceramic Insulator</name>
		<pose>Unspecified</pose>
		<truncated>0</truncated>
		<difficult>0</difficult>
		<bndbox>
			<xmin>901</xmin>
			<ymin>231</ymin>
			<xmax>1005</xmax>
			<ymax>271</ymax>
		</bndbox>
	</object>
	<object>
		<name>Dead-end Ceramic Insulator</name>
		<pose>Unspecified</pose>
		<truncated>0</truncated>
		<difficult>0</difficult>
		<bndbox>
			<xmin>901</xmin>
			<ymin>344</ymin>
			<xmax>1006</xmax>
			<ymax>380</ymax>
		</bndbox>
	</object>
</annotation>
