<annotation>
	<folder>train</folder>
	<filename>1331.jpg</filename>
	<path>/home/alex/tensorflow/tensorflow_pkg/tf_1.12_cuda10.0/models/research/object_detection/images/train/1331.jpg</path>
	<source>
		<database>Unknown</database>
	</source>
	<size>
		<width>1920</width>
		<height>1080</height>
		<depth>3</depth>
	</size>
	<segmented>0</segmented>
	<object>
		<name>Ceramic/Porcelain Insulator</name>
		<pose>Unspecified</pose>
		<truncated>1</truncated>
		<difficult>0</difficult>
		<bndbox>
			<xmin>582</xmin>
			<ymin>517</ymin>
			<xmax>1861</xmax>
			<ymax>1080</ymax>
		</bndbox>
	</object>
	<object>
		<name>Dead-end Polymer Insulator</name>
		<pose>Unspecified</pose>
		<truncated>1</truncated>
		<difficult>0</difficult>
		<bndbox>
			<xmin>1</xmin>
			<ymin>719</ymin>
			<xmax>996</xmax>
			<ymax>1080</ymax>
		</bndbox>
	</object>
</annotation>
