<annotation>
	<folder>train</folder>
	<filename>1450_DJI_0593 (2).jpg</filename>
	<path>/home/alex/tensorflow/tensorflow_pkg/tf_1.12_cuda10.0/models/research/object_detection/images/train/1450_DJI_0593 (2).jpg</path>
	<source>
		<database>Unknown</database>
	</source>
	<size>
		<width>1920</width>
		<height>1080</height>
		<depth>3</depth>
	</size>
	<segmented>0</segmented>
	<object>
		<name>Dead-end Polymer Insulator</name>
		<pose>Unspecified</pose>
		<truncated>0</truncated>
		<difficult>0</difficult>
		<bndbox>
			<xmin>119</xmin>
			<ymin>377</ymin>
			<xmax>310</xmax>
			<ymax>464</ymax>
		</bndbox>
	</object>
	<object>
		<name>Dead-end Polymer Insulator</name>
		<pose>Unspecified</pose>
		<truncated>0</truncated>
		<difficult>0</difficult>
		<bndbox>
			<xmin>1077</xmin>
			<ymin>285</ymin>
			<xmax>1321</xmax>
			<ymax>367</ymax>
		</bndbox>
	</object>
	<object>
		<name>Dead-end Polymer Insulator</name>
		<pose>Unspecified</pose>
		<truncated>0</truncated>
		<difficult>0</difficult>
		<bndbox>
			<xmin>1363</xmin>
			<ymin>299</ymin>
			<xmax>1707</xmax>
			<ymax>413</ymax>
		</bndbox>
	</object>
	<object>
		<name>Polymer Insulator</name>
		<pose>Unspecified</pose>
		<truncated>0</truncated>
		<difficult>0</difficult>
		<bndbox>
			<xmin>486</xmin>
			<ymin>351</ymin>
			<xmax>581</xmax>
			<ymax>656</ymax>
		</bndbox>
	</object>
	<object>
		<name>Polymer Insulator</name>
		<pose>Unspecified</pose>
		<truncated>0</truncated>
		<difficult>0</difficult>
		<bndbox>
			<xmin>999</xmin>
			<ymin>288</ymin>
			<xmax>1102</xmax>
			<ymax>669</ymax>
		</bndbox>
	</object>
	<object>
		<name>Polymer Insulator</name>
		<pose>Unspecified</pose>
		<truncated>0</truncated>
		<difficult>0</difficult>
		<bndbox>
			<xmin>1298</xmin>
			<ymin>315</ymin>
			<xmax>1411</xmax>
			<ymax>689</ymax>
		</bndbox>
	</object>
	<object>
		<name>Polymer Insulator</name>
		<pose>Unspecified</pose>
		<truncated>0</truncated>
		<difficult>0</difficult>
		<bndbox>
			<xmin>206</xmin>
			<ymin>417</ymin>
			<xmax>547</xmax>
			<ymax>644</ymax>
		</bndbox>
	</object>
	<object>
		<name>Line Tension Switch</name>
		<pose>Unspecified</pose>
		<truncated>0</truncated>
		<difficult>0</difficult>
		<bndbox>
			<xmin>283</xmin>
			<ymin>301</ymin>
			<xmax>473</xmax>
			<ymax>469</ymax>
		</bndbox>
	</object>
	<object>
		<name>Line Tension Switch</name>
		<pose>Unspecified</pose>
		<truncated>0</truncated>
		<difficult>0</difficult>
		<bndbox>
			<xmin>767</xmin>
			<ymin>256</ymin>
			<xmax>969</xmax>
			<ymax>401</ymax>
		</bndbox>
	</object>
	<object>
		<name>Dead-end Polymer Insulator</name>
		<pose>Unspecified</pose>
		<truncated>0</truncated>
		<difficult>0</difficult>
		<bndbox>
			<xmin>590</xmin>
			<ymin>329</ymin>
			<xmax>878</xmax>
			<ymax>423</ymax>
		</bndbox>
	</object>
	<object>
		<name>Line Tension Switch</name>
		<pose>Unspecified</pose>
		<truncated>0</truncated>
		<difficult>0</difficult>
		<bndbox>
			<xmin>1018</xmin>
			<ymin>341</ymin>
			<xmax>1261</xmax>
			<ymax>443</ymax>
		</bndbox>
	</object>
</annotation>
