<annotation>
	<folder>train</folder>
	<filename>1463.jpg</filename>
	<path>/home/alex/tensorflow/tensorflow_pkg/tf_1.12_cuda10.0/models/research/object_detection/images/train/1463.jpg</path>
	<source>
		<database>Unknown</database>
	</source>
	<size>
		<width>1920</width>
		<height>1080</height>
		<depth>3</depth>
	</size>
	<segmented>0</segmented>
	<object>
		<name>Ceramic/Porcelain Insulator</name>
		<pose>Unspecified</pose>
		<truncated>0</truncated>
		<difficult>0</difficult>
		<bndbox>
			<xmin>967</xmin>
			<ymin>279</ymin>
			<xmax>1030</xmax>
			<ymax>351</ymax>
		</bndbox>
	</object>
	<object>
		<name>Ceramic/Porcelain Insulator</name>
		<pose>Unspecified</pose>
		<truncated>0</truncated>
		<difficult>0</difficult>
		<bndbox>
			<xmin>967</xmin>
			<ymin>363</ymin>
			<xmax>1029</xmax>
			<ymax>428</ymax>
		</bndbox>
	</object>
	<object>
		<name>Ceramic/Porcelain Insulator</name>
		<pose>Unspecified</pose>
		<truncated>0</truncated>
		<difficult>0</difficult>
		<bndbox>
			<xmin>973</xmin>
			<ymin>436</ymin>
			<xmax>1027</xmax>
			<ymax>501</ymax>
		</bndbox>
	</object>
	<object>
		<name>Polymer Arrester</name>
		<pose>Unspecified</pose>
		<truncated>0</truncated>
		<difficult>0</difficult>
		<bndbox>
			<xmin>1014</xmin>
			<ymin>240</ymin>
			<xmax>1062</xmax>
			<ymax>319</ymax>
		</bndbox>
	</object>
	<object>
		<name>Polymer Arrester</name>
		<pose>Unspecified</pose>
		<truncated>0</truncated>
		<difficult>0</difficult>
		<bndbox>
			<xmin>1009</xmin>
			<ymin>387</ymin>
			<xmax>1045</xmax>
			<ymax>456</ymax>
		</bndbox>
	</object>
</annotation>
