<annotation>
	<folder>train</folder>
	<filename>1480_DJI_0608 (2).jpg</filename>
	<path>/home/alex/tensorflow/tensorflow_pkg/tf_1.12_cuda10.0/models/research/object_detection/images/train/1480_DJI_0608 (2).jpg</path>
	<source>
		<database>Unknown</database>
	</source>
	<size>
		<width>1920</width>
		<height>1080</height>
		<depth>3</depth>
	</size>
	<segmented>0</segmented>
	<object>
		<name>Line Tension Switch</name>
		<pose>Unspecified</pose>
		<truncated>0</truncated>
		<difficult>0</difficult>
		<bndbox>
			<xmin>763</xmin>
			<ymin>164</ymin>
			<xmax>926</xmax>
			<ymax>260</ymax>
		</bndbox>
	</object>
	<object>
		<name>Line Tension Switch</name>
		<pose>Unspecified</pose>
		<truncated>0</truncated>
		<difficult>0</difficult>
		<bndbox>
			<xmin>709</xmin>
			<ymin>148</ymin>
			<xmax>861</xmax>
			<ymax>224</ymax>
		</bndbox>
	</object>
	<object>
		<name>Dead-end Polymer Insulator</name>
		<pose>Unspecified</pose>
		<truncated>0</truncated>
		<difficult>0</difficult>
		<bndbox>
			<xmin>546</xmin>
			<ymin>205</ymin>
			<xmax>790</xmax>
			<ymax>249</ymax>
		</bndbox>
	</object>
	<object>
		<name>Dead-end Ceramic Insulator</name>
		<pose>Unspecified</pose>
		<truncated>0</truncated>
		<difficult>0</difficult>
		<bndbox>
			<xmin>527</xmin>
			<ymin>164</ymin>
			<xmax>723</xmax>
			<ymax>229</ymax>
		</bndbox>
	</object>
	<object>
		<name>Dead-end Ceramic Insulator</name>
		<pose>Unspecified</pose>
		<truncated>0</truncated>
		<difficult>0</difficult>
		<bndbox>
			<xmin>938</xmin>
			<ymin>151</ymin>
			<xmax>1130</xmax>
			<ymax>197</ymax>
		</bndbox>
	</object>
	<object>
		<name>Dead-end Ceramic Insulator</name>
		<pose>Unspecified</pose>
		<truncated>0</truncated>
		<difficult>0</difficult>
		<bndbox>
			<xmin>999</xmin>
			<ymin>181</ymin>
			<xmax>1237</xmax>
			<ymax>239</ymax>
		</bndbox>
	</object>
	<object>
		<name>Polymer Insulator</name>
		<pose>Unspecified</pose>
		<truncated>0</truncated>
		<difficult>0</difficult>
		<bndbox>
			<xmin>1018</xmin>
			<ymin>212</ymin>
			<xmax>1075</xmax>
			<ymax>340</ymax>
		</bndbox>
	</object>
	<object>
		<name>Polymer Insulator</name>
		<pose>Unspecified</pose>
		<truncated>0</truncated>
		<difficult>0</difficult>
		<bndbox>
			<xmin>986</xmin>
			<ymin>184</ymin>
			<xmax>1035</xmax>
			<ymax>337</ymax>
		</bndbox>
	</object>
	<object>
		<name>Polymer Insulator</name>
		<pose>Unspecified</pose>
		<truncated>0</truncated>
		<difficult>0</difficult>
		<bndbox>
			<xmin>923</xmin>
			<ymin>181</ymin>
			<xmax>963</xmax>
			<ymax>304</ymax>
		</bndbox>
	</object>
	<object>
		<name>Polymer Insulator</name>
		<pose>Unspecified</pose>
		<truncated>0</truncated>
		<difficult>0</difficult>
		<bndbox>
			<xmin>885</xmin>
			<ymin>179</ymin>
			<xmax>930</xmax>
			<ymax>315</ymax>
		</bndbox>
	</object>
	<object>
		<name>Vertical Disconnect Switch</name>
		<pose>Unspecified</pose>
		<truncated>0</truncated>
		<difficult>0</difficult>
		<bndbox>
			<xmin>817</xmin>
			<ymin>501</ymin>
			<xmax>1241</xmax>
			<ymax>824</ymax>
		</bndbox>
	</object>
</annotation>
