<annotation>
	<folder>train</folder>
	<filename>174_DJI_0087 (2).jpg</filename>
	<path>/home/alex/tensorflow/tensorflow_pkg/tf_1.12_cuda10.0/models/research/object_detection/images/train/174_DJI_0087 (2).jpg</path>
	<source>
		<database>Unknown</database>
	</source>
	<size>
		<width>1920</width>
		<height>1080</height>
		<depth>3</depth>
	</size>
	<segmented>0</segmented>
	<object>
		<name>Mushroom Insulator</name>
		<pose>Unspecified</pose>
		<truncated>0</truncated>
		<difficult>0</difficult>
		<bndbox>
			<xmin>801</xmin>
			<ymin>343</ymin>
			<xmax>826</xmax>
			<ymax>364</ymax>
		</bndbox>
	</object>
	<object>
		<name>Mushroom Insulator</name>
		<pose>Unspecified</pose>
		<truncated>0</truncated>
		<difficult>0</difficult>
		<bndbox>
			<xmin>853</xmin>
			<ymin>336</ymin>
			<xmax>877</xmax>
			<ymax>359</ymax>
		</bndbox>
	</object>
	<object>
		<name>Mushroom Insulator</name>
		<pose>Unspecified</pose>
		<truncated>0</truncated>
		<difficult>0</difficult>
		<bndbox>
			<xmin>977</xmin>
			<ymin>320</ymin>
			<xmax>1007</xmax>
			<ymax>345</ymax>
		</bndbox>
	</object>
</annotation>
