<annotation>
	<folder>train</folder>
	<filename>192_DJI_0096 (2).jpg</filename>
	<path>/home/alex/tensorflow/tensorflow_pkg/tf_1.12_cuda10.0/models/research/object_detection/images/train/192_DJI_0096 (2).jpg</path>
	<source>
		<database>Unknown</database>
	</source>
	<size>
		<width>1920</width>
		<height>1080</height>
		<depth>3</depth>
	</size>
	<segmented>0</segmented>
	<object>
		<name>Mushroom Insulator</name>
		<pose>Unspecified</pose>
		<truncated>0</truncated>
		<difficult>0</difficult>
		<bndbox>
			<xmin>57</xmin>
			<ymin>404</ymin>
			<xmax>225</xmax>
			<ymax>603</ymax>
		</bndbox>
	</object>
	<object>
		<name>Mushroom Insulator</name>
		<pose>Unspecified</pose>
		<truncated>0</truncated>
		<difficult>0</difficult>
		<bndbox>
			<xmin>1183</xmin>
			<ymin>253</ymin>
			<xmax>1342</xmax>
			<ymax>443</ymax>
		</bndbox>
	</object>
	<object>
		<name>Mushroom Insulator</name>
		<pose>Unspecified</pose>
		<truncated>0</truncated>
		<difficult>0</difficult>
		<bndbox>
			<xmin>1601</xmin>
			<ymin>225</ymin>
			<xmax>1730</xmax>
			<ymax>400</ymax>
		</bndbox>
	</object>
</annotation>
