<annotation>
	<folder>train</folder>
	<filename>200_DJI_0100 (2).jpg</filename>
	<path>/home/alex/tensorflow/tensorflow_pkg/tf_1.12_cuda10.0/models/research/object_detection/images/train/200_DJI_0100 (2).jpg</path>
	<source>
		<database>Unknown</database>
	</source>
	<size>
		<width>1920</width>
		<height>1080</height>
		<depth>3</depth>
	</size>
	<segmented>0</segmented>
	<object>
		<name>Compression/Crimped Splice</name>
		<pose>Unspecified</pose>
		<truncated>0</truncated>
		<difficult>0</difficult>
		<bndbox>
			<xmin>574</xmin>
			<ymin>351</ymin>
			<xmax>1207</xmax>
			<ymax>656</ymax>
		</bndbox>
	</object>
	<object>
		<name>Mushroom Insulator</name>
		<pose>Unspecified</pose>
		<truncated>1</truncated>
		<difficult>0</difficult>
		<bndbox>
			<xmin>425</xmin>
			<ymin>1</ymin>
			<xmax>683</xmax>
			<ymax>176</ymax>
		</bndbox>
	</object>
</annotation>
