<annotation>
	<folder>train</folder>
	<filename>261.jpg</filename>
	<path>/home/alex/tensorflow/tensorflow_pkg/tf_1.12_cuda10.0/models/research/object_detection/images/train/261.jpg</path>
	<source>
		<database>Unknown</database>
	</source>
	<size>
		<width>1920</width>
		<height>1080</height>
		<depth>3</depth>
	</size>
	<segmented>0</segmented>
	<object>
		<name>Ceramic/Porcelain Insulator</name>
		<pose>Unspecified</pose>
		<truncated>0</truncated>
		<difficult>0</difficult>
		<bndbox>
			<xmin>709</xmin>
			<ymin>407</ymin>
			<xmax>773</xmax>
			<ymax>491</ymax>
		</bndbox>
	</object>
	<object>
		<name>Ceramic/Porcelain Insulator</name>
		<pose>Unspecified</pose>
		<truncated>0</truncated>
		<difficult>0</difficult>
		<bndbox>
			<xmin>1069</xmin>
			<ymin>456</ymin>
			<xmax>1125</xmax>
			<ymax>549</ymax>
		</bndbox>
	</object>
	<object>
		<name>Polymer Arrester</name>
		<pose>Unspecified</pose>
		<truncated>0</truncated>
		<difficult>0</difficult>
		<bndbox>
			<xmin>745</xmin>
			<ymin>497</ymin>
			<xmax>783</xmax>
			<ymax>553</ymax>
		</bndbox>
	</object>
	<object>
		<name>Polymer Arrester</name>
		<pose>Unspecified</pose>
		<truncated>0</truncated>
		<difficult>0</difficult>
		<bndbox>
			<xmin>1071</xmin>
			<ymin>544</ymin>
			<xmax>1119</xmax>
			<ymax>611</ymax>
		</bndbox>
	</object>
	<object>
		<name>Polymer Arrester</name>
		<pose>Unspecified</pose>
		<truncated>0</truncated>
		<difficult>0</difficult>
		<bndbox>
			<xmin>1165</xmin>
			<ymin>559</ymin>
			<xmax>1215</xmax>
			<ymax>635</ymax>
		</bndbox>
	</object>
	<object>
		<name>Dead-end Ceramic Insulator</name>
		<pose>Unspecified</pose>
		<truncated>0</truncated>
		<difficult>0</difficult>
		<bndbox>
			<xmin>693</xmin>
			<ymin>493</ymin>
			<xmax>743</xmax>
			<ymax>569</ymax>
		</bndbox>
	</object>
	<object>
		<name>Dead-end Ceramic Insulator</name>
		<pose>Unspecified</pose>
		<truncated>0</truncated>
		<difficult>0</difficult>
		<bndbox>
			<xmin>937</xmin>
			<ymin>519</ymin>
			<xmax>1005</xmax>
			<ymax>615</ymax>
		</bndbox>
	</object>
	<object>
		<name>Dead-end Ceramic Insulator</name>
		<pose>Unspecified</pose>
		<truncated>0</truncated>
		<difficult>0</difficult>
		<bndbox>
			<xmin>1226</xmin>
			<ymin>561</ymin>
			<xmax>1302</xmax>
			<ymax>647</ymax>
		</bndbox>
	</object>
</annotation>
