<annotation>
	<folder>train</folder>
	<filename>33.jpg</filename>
	<path>/home/alex/tensorflow/tensorflow_pkg/tf_1.12_cuda10.0/models/research/object_detection/images/train/33.jpg</path>
	<source>
		<database>Unknown</database>
	</source>
	<size>
		<width>1920</width>
		<height>1080</height>
		<depth>3</depth>
	</size>
	<segmented>0</segmented>
	<object>
		<name>Ceramic/Porcelain Insulator</name>
		<pose>Unspecified</pose>
		<truncated>0</truncated>
		<difficult>0</difficult>
		<bndbox>
			<xmin>983</xmin>
			<ymin>133</ymin>
			<xmax>1086</xmax>
			<ymax>279</ymax>
		</bndbox>
	</object>
	<object>
		<name>Ceramic/Porcelain Arrester</name>
		<pose>Unspecified</pose>
		<truncated>0</truncated>
		<difficult>0</difficult>
		<bndbox>
			<xmin>1115</xmin>
			<ymin>69</ymin>
			<xmax>1197</xmax>
			<ymax>211</ymax>
		</bndbox>
	</object>
</annotation>
