<annotation>
	<folder>train</folder>
	<filename>364_DJI_0182 (2).jpg</filename>
	<path>/home/alex/tensorflow/tensorflow_pkg/tf_1.12_cuda10.0/models/research/object_detection/images/train/364_DJI_0182 (2).jpg</path>
	<source>
		<database>Unknown</database>
	</source>
	<size>
		<width>1920</width>
		<height>1080</height>
		<depth>3</depth>
	</size>
	<segmented>0</segmented>
	<object>
		<name>Compression/Crimped Splice</name>
		<pose>Unspecified</pose>
		<truncated>1</truncated>
		<difficult>0</difficult>
		<bndbox>
			<xmin>1</xmin>
			<ymin>174</ymin>
			<xmax>1215</xmax>
			<ymax>508</ymax>
		</bndbox>
	</object>
</annotation>
