<annotation>
	<folder>train</folder>
	<filename>377.jpg</filename>
	<path>/home/alex/tensorflow/tensorflow_pkg/tf_1.12_cuda10.0/models/research/object_detection/images/train/377.jpg</path>
	<source>
		<database>Unknown</database>
	</source>
	<size>
		<width>1920</width>
		<height>1080</height>
		<depth>3</depth>
	</size>
	<segmented>0</segmented>
	<object>
		<name>Ceramic/Porcelain Insulator</name>
		<pose>Unspecified</pose>
		<truncated>0</truncated>
		<difficult>0</difficult>
		<bndbox>
			<xmin>426</xmin>
			<ymin>580</ymin>
			<xmax>494</xmax>
			<ymax>673</ymax>
		</bndbox>
	</object>
	<object>
		<name>Ceramic/Porcelain Insulator</name>
		<pose>Unspecified</pose>
		<truncated>0</truncated>
		<difficult>0</difficult>
		<bndbox>
			<xmin>589</xmin>
			<ymin>540</ymin>
			<xmax>653</xmax>
			<ymax>635</ymax>
		</bndbox>
	</object>
	<object>
		<name>Ceramic/Porcelain Insulator</name>
		<pose>Unspecified</pose>
		<truncated>0</truncated>
		<difficult>0</difficult>
		<bndbox>
			<xmin>917</xmin>
			<ymin>472</ymin>
			<xmax>977</xmax>
			<ymax>557</ymax>
		</bndbox>
	</object>
	<object>
		<name>Ceramic/Porcelain Insulator</name>
		<pose>Unspecified</pose>
		<truncated>0</truncated>
		<difficult>0</difficult>
		<bndbox>
			<xmin>502</xmin>
			<ymin>717</ymin>
			<xmax>595</xmax>
			<ymax>776</ymax>
		</bndbox>
	</object>
	<object>
		<name>Ceramic/Porcelain Insulator</name>
		<pose>Unspecified</pose>
		<truncated>0</truncated>
		<difficult>0</difficult>
		<bndbox>
			<xmin>642</xmin>
			<ymin>785</ymin>
			<xmax>743</xmax>
			<ymax>856</ymax>
		</bndbox>
	</object>
	<object>
		<name>Ceramic/Porcelain Insulator</name>
		<pose>Unspecified</pose>
		<truncated>0</truncated>
		<difficult>0</difficult>
		<bndbox>
			<xmin>958</xmin>
			<ymin>779</ymin>
			<xmax>1021</xmax>
			<ymax>876</ymax>
		</bndbox>
	</object>
	<object>
		<name>Ceramic/Porcelain Insulator</name>
		<pose>Unspecified</pose>
		<truncated>0</truncated>
		<difficult>0</difficult>
		<bndbox>
			<xmin>817</xmin>
			<ymin>873</ymin>
			<xmax>933</xmax>
			<ymax>952</ymax>
		</bndbox>
	</object>
</annotation>
