<annotation>
	<folder>train</folder>
	<filename>412_DJI_0206 (2).jpg</filename>
	<path>/home/alex/tensorflow/tensorflow_pkg/tf_1.12_cuda10.0/models/research/object_detection/images/train/412_DJI_0206 (2).jpg</path>
	<source>
		<database>Unknown</database>
	</source>
	<size>
		<width>1920</width>
		<height>1080</height>
		<depth>3</depth>
	</size>
	<segmented>0</segmented>
	<object>
		<name>Compression/Crimped Splice</name>
		<pose>Unspecified</pose>
		<truncated>0</truncated>
		<difficult>0</difficult>
		<bndbox>
			<xmin>277</xmin>
			<ymin>420</ymin>
			<xmax>1433</xmax>
			<ymax>580</ymax>
		</bndbox>
	</object>
	<object>
		<name>Compression/Crimped Splice</name>
		<pose>Unspecified</pose>
		<truncated>1</truncated>
		<difficult>0</difficult>
		<bndbox>
			<xmin>1579</xmin>
			<ymin>1</ymin>
			<xmax>1919</xmax>
			<ymax>139</ymax>
		</bndbox>
	</object>
</annotation>
