<annotation>
	<folder>train</folder>
	<filename>431.jpg</filename>
	<path>/home/alex/tensorflow/tensorflow_pkg/tf_1.12_cuda10.0/models/research/object_detection/images/train/431.jpg</path>
	<source>
		<database>Unknown</database>
	</source>
	<size>
		<width>1920</width>
		<height>1080</height>
		<depth>3</depth>
	</size>
	<segmented>0</segmented>
	<object>
		<name>Dead-end Polymer Insulator</name>
		<pose>Unspecified</pose>
		<truncated>0</truncated>
		<difficult>0</difficult>
		<bndbox>
			<xmin>271</xmin>
			<ymin>565</ymin>
			<xmax>371</xmax>
			<ymax>609</ymax>
		</bndbox>
	</object>
	<object>
		<name>Dead-end Polymer Insulator</name>
		<pose>Unspecified</pose>
		<truncated>0</truncated>
		<difficult>0</difficult>
		<bndbox>
			<xmin>882</xmin>
			<ymin>481</ymin>
			<xmax>977</xmax>
			<ymax>515</ymax>
		</bndbox>
	</object>
	<object>
		<name>Dead-end Polymer Insulator</name>
		<pose>Unspecified</pose>
		<truncated>0</truncated>
		<difficult>0</difficult>
		<bndbox>
			<xmin>613</xmin>
			<ymin>512</ymin>
			<xmax>743</xmax>
			<ymax>549</ymax>
		</bndbox>
	</object>
	<object>
		<name>Dead-end Polymer Insulator</name>
		<pose>Unspecified</pose>
		<truncated>0</truncated>
		<difficult>0</difficult>
		<bndbox>
			<xmin>461</xmin>
			<ymin>621</ymin>
			<xmax>642</xmax>
			<ymax>721</ymax>
		</bndbox>
	</object>
	<object>
		<name>Dead-end Polymer Insulator</name>
		<pose>Unspecified</pose>
		<truncated>0</truncated>
		<difficult>0</difficult>
		<bndbox>
			<xmin>830</xmin>
			<ymin>555</ymin>
			<xmax>1009</xmax>
			<ymax>640</ymax>
		</bndbox>
	</object>
	<object>
		<name>Under-mounted Switch</name>
		<pose>Unspecified</pose>
		<truncated>0</truncated>
		<difficult>0</difficult>
		<bndbox>
			<xmin>465</xmin>
			<ymin>632</ymin>
			<xmax>631</xmax>
			<ymax>775</ymax>
		</bndbox>
	</object>
	<object>
		<name>Under-mounted Switch</name>
		<pose>Unspecified</pose>
		<truncated>0</truncated>
		<difficult>0</difficult>
		<bndbox>
			<xmin>623</xmin>
			<ymin>608</ymin>
			<xmax>778</xmax>
			<ymax>745</ymax>
		</bndbox>
	</object>
	<object>
		<name>Under-mounted Switch</name>
		<pose>Unspecified</pose>
		<truncated>0</truncated>
		<difficult>0</difficult>
		<bndbox>
			<xmin>949</xmin>
			<ymin>540</ymin>
			<xmax>1080</xmax>
			<ymax>656</ymax>
		</bndbox>
	</object>
	<object>
		<name>Polymer Arrester</name>
		<pose>Unspecified</pose>
		<truncated>0</truncated>
		<difficult>0</difficult>
		<bndbox>
			<xmin>783</xmin>
			<ymin>581</ymin>
			<xmax>857</xmax>
			<ymax>660</ymax>
		</bndbox>
	</object>
	<object>
		<name>Polymer Arrester</name>
		<pose>Unspecified</pose>
		<truncated>0</truncated>
		<difficult>0</difficult>
		<bndbox>
			<xmin>1085</xmin>
			<ymin>520</ymin>
			<xmax>1154</xmax>
			<ymax>588</ymax>
		</bndbox>
	</object>
	<object>
		<name>Dead-end Polymer Insulator</name>
		<pose>Unspecified</pose>
		<truncated>0</truncated>
		<difficult>0</difficult>
		<bndbox>
			<xmin>1095</xmin>
			<ymin>511</ymin>
			<xmax>1258</xmax>
			<ymax>575</ymax>
		</bndbox>
	</object>
</annotation>
