<annotation>
	<folder>train</folder>
	<filename>433.jpg</filename>
	<path>/home/alex/tensorflow/tensorflow_pkg/tf_1.12_cuda10.0/models/research/object_detection/images/train/433.jpg</path>
	<source>
		<database>Unknown</database>
	</source>
	<size>
		<width>1920</width>
		<height>1080</height>
		<depth>3</depth>
	</size>
	<segmented>0</segmented>
	<object>
		<name>Under-mounted Switch</name>
		<pose>Unspecified</pose>
		<truncated>0</truncated>
		<difficult>0</difficult>
		<bndbox>
			<xmin>718</xmin>
			<ymin>461</ymin>
			<xmax>795</xmax>
			<ymax>564</ymax>
		</bndbox>
	</object>
	<object>
		<name>Under-mounted Switch</name>
		<pose>Unspecified</pose>
		<truncated>0</truncated>
		<difficult>0</difficult>
		<bndbox>
			<xmin>847</xmin>
			<ymin>473</ymin>
			<xmax>909</xmax>
			<ymax>580</ymax>
		</bndbox>
	</object>
	<object>
		<name>Under-mounted Switch</name>
		<pose>Unspecified</pose>
		<truncated>0</truncated>
		<difficult>0</difficult>
		<bndbox>
			<xmin>1214</xmin>
			<ymin>487</ymin>
			<xmax>1287</xmax>
			<ymax>599</ymax>
		</bndbox>
	</object>
	<object>
		<name>Dead-end Polymer Insulator</name>
		<pose>Unspecified</pose>
		<truncated>0</truncated>
		<difficult>0</difficult>
		<bndbox>
			<xmin>595</xmin>
			<ymin>441</ymin>
			<xmax>674</xmax>
			<ymax>552</ymax>
		</bndbox>
	</object>
	<object>
		<name>Dead-end Polymer Insulator</name>
		<pose>Unspecified</pose>
		<truncated>0</truncated>
		<difficult>0</difficult>
		<bndbox>
			<xmin>969</xmin>
			<ymin>459</ymin>
			<xmax>1022</xmax>
			<ymax>575</ymax>
		</bndbox>
	</object>
	<object>
		<name>Dead-end Polymer Insulator</name>
		<pose>Unspecified</pose>
		<truncated>0</truncated>
		<difficult>0</difficult>
		<bndbox>
			<xmin>1322</xmin>
			<ymin>481</ymin>
			<xmax>1401</xmax>
			<ymax>584</ymax>
		</bndbox>
	</object>
	<object>
		<name>Polymer Arrester</name>
		<pose>Unspecified</pose>
		<truncated>0</truncated>
		<difficult>0</difficult>
		<bndbox>
			<xmin>654</xmin>
			<ymin>461</ymin>
			<xmax>698</xmax>
			<ymax>524</ymax>
		</bndbox>
	</object>
	<object>
		<name>Polymer Arrester</name>
		<pose>Unspecified</pose>
		<truncated>0</truncated>
		<difficult>0</difficult>
		<bndbox>
			<xmin>899</xmin>
			<ymin>472</ymin>
			<xmax>946</xmax>
			<ymax>536</ymax>
		</bndbox>
	</object>
	<object>
		<name>Polymer Arrester</name>
		<pose>Unspecified</pose>
		<truncated>0</truncated>
		<difficult>0</difficult>
		<bndbox>
			<xmin>1282</xmin>
			<ymin>495</ymin>
			<xmax>1331</xmax>
			<ymax>567</ymax>
		</bndbox>
	</object>
</annotation>
