<annotation>
	<folder>train</folder>
	<filename>436_DJI_0218 (2).jpg</filename>
	<path>/home/alex/tensorflow/tensorflow_pkg/tf_1.12_cuda10.0/models/research/object_detection/images/train/436_DJI_0218 (2).jpg</path>
	<source>
		<database>Unknown</database>
	</source>
	<size>
		<width>1920</width>
		<height>1080</height>
		<depth>3</depth>
	</size>
	<segmented>0</segmented>
	<object>
		<name>Polymer Insulator</name>
		<pose>Unspecified</pose>
		<truncated>0</truncated>
		<difficult>0</difficult>
		<bndbox>
			<xmin>1662</xmin>
			<ymin>416</ymin>
			<xmax>1733</xmax>
			<ymax>603</ymax>
		</bndbox>
	</object>
	<object>
		<name>Polymer Insulator</name>
		<pose>Unspecified</pose>
		<truncated>0</truncated>
		<difficult>0</difficult>
		<bndbox>
			<xmin>1486</xmin>
			<ymin>475</ymin>
			<xmax>1559</xmax>
			<ymax>647</ymax>
		</bndbox>
	</object>
	<object>
		<name>Polymer Insulator</name>
		<pose>Unspecified</pose>
		<truncated>0</truncated>
		<difficult>0</difficult>
		<bndbox>
			<xmin>1175</xmin>
			<ymin>569</ymin>
			<xmax>1235</xmax>
			<ymax>736</ymax>
		</bndbox>
	</object>
	<object>
		<name>Polymer Insulator</name>
		<pose>Unspecified</pose>
		<truncated>0</truncated>
		<difficult>0</difficult>
		<bndbox>
			<xmin>1034</xmin>
			<ymin>617</ymin>
			<xmax>1089</xmax>
			<ymax>768</ymax>
		</bndbox>
	</object>
	<object>
		<name>Polymer Arrester</name>
		<pose>Unspecified</pose>
		<truncated>0</truncated>
		<difficult>0</difficult>
		<bndbox>
			<xmin>1027</xmin>
			<ymin>708</ymin>
			<xmax>1103</xmax>
			<ymax>823</ymax>
		</bndbox>
	</object>
	<object>
		<name>Dead-end Polymer Insulator</name>
		<pose>Unspecified</pose>
		<truncated>0</truncated>
		<difficult>0</difficult>
		<bndbox>
			<xmin>878</xmin>
			<ymin>747</ymin>
			<xmax>1067</xmax>
			<ymax>804</ymax>
		</bndbox>
	</object>
	<object>
		<name>Dead-end Polymer Insulator</name>
		<pose>Unspecified</pose>
		<truncated>0</truncated>
		<difficult>0</difficult>
		<bndbox>
			<xmin>1035</xmin>
			<ymin>716</ymin>
			<xmax>1209</xmax>
			<ymax>756</ymax>
		</bndbox>
	</object>
	<object>
		<name>Dead-end Polymer Insulator</name>
		<pose>Unspecified</pose>
		<truncated>0</truncated>
		<difficult>0</difficult>
		<bndbox>
			<xmin>1542</xmin>
			<ymin>544</ymin>
			<xmax>1701</xmax>
			<ymax>624</ymax>
		</bndbox>
	</object>
	<object>
		<name>Dead-end Polymer Insulator</name>
		<pose>Unspecified</pose>
		<truncated>0</truncated>
		<difficult>0</difficult>
		<bndbox>
			<xmin>1719</xmin>
			<ymin>616</ymin>
			<xmax>1851</xmax>
			<ymax>723</ymax>
		</bndbox>
	</object>
	<object>
		<name>Dead-end Polymer Insulator</name>
		<pose>Unspecified</pose>
		<truncated>0</truncated>
		<difficult>0</difficult>
		<bndbox>
			<xmin>1097</xmin>
			<ymin>799</ymin>
			<xmax>1222</xmax>
			<ymax>881</ymax>
		</bndbox>
	</object>
	<object>
		<name>Dead-end Polymer Insulator</name>
		<pose>Unspecified</pose>
		<truncated>0</truncated>
		<difficult>0</difficult>
		<bndbox>
			<xmin>1243</xmin>
			<ymin>757</ymin>
			<xmax>1357</xmax>
			<ymax>845</ymax>
		</bndbox>
	</object>
	<object>
		<name>Vertical Disconnect Switch</name>
		<pose>Unspecified</pose>
		<truncated>0</truncated>
		<difficult>0</difficult>
		<bndbox>
			<xmin>1218</xmin>
			<ymin>835</ymin>
			<xmax>1321</xmax>
			<ymax>945</ymax>
		</bndbox>
	</object>
	<object>
		<name>Dead-end Polymer Insulator</name>
		<pose>Unspecified</pose>
		<truncated>0</truncated>
		<difficult>0</difficult>
		<bndbox>
			<xmin>1303</xmin>
			<ymin>895</ymin>
			<xmax>1383</xmax>
			<ymax>957</ymax>
		</bndbox>
	</object>
	<object>
		<name>Compression/Crimped Splice</name>
		<pose>Unspecified</pose>
		<truncated>0</truncated>
		<difficult>0</difficult>
		<bndbox>
			<xmin>877</xmin>
			<ymin>356</ymin>
			<xmax>1047</xmax>
			<ymax>429</ymax>
		</bndbox>
	</object>
	<object>
		<name>Compression/Crimped Splice</name>
		<pose>Unspecified</pose>
		<truncated>0</truncated>
		<difficult>0</difficult>
		<bndbox>
			<xmin>862</xmin>
			<ymin>489</ymin>
			<xmax>1014</xmax>
			<ymax>541</ymax>
		</bndbox>
	</object>
	<object>
		<name>Compression/Crimped Splice</name>
		<pose>Unspecified</pose>
		<truncated>0</truncated>
		<difficult>0</difficult>
		<bndbox>
			<xmin>473</xmin>
			<ymin>605</ymin>
			<xmax>637</xmax>
			<ymax>656</ymax>
		</bndbox>
	</object>
	<object>
		<name>Compression/Crimped Splice</name>
		<pose>Unspecified</pose>
		<truncated>0</truncated>
		<difficult>0</difficult>
		<bndbox>
			<xmin>309</xmin>
			<ymin>660</ymin>
			<xmax>471</xmax>
			<ymax>703</ymax>
		</bndbox>
	</object>
</annotation>
