<annotation>
	<folder>train</folder>
	<filename>470_DJI_0235 (2).jpg</filename>
	<path>/home/alex/tensorflow/tensorflow_pkg/tf_1.12_cuda10.0/models/research/object_detection/images/train/470_DJI_0235 (2).jpg</path>
	<source>
		<database>Unknown</database>
	</source>
	<size>
		<width>1920</width>
		<height>1080</height>
		<depth>3</depth>
	</size>
	<segmented>0</segmented>
	<object>
		<name>Polymer Arrester</name>
		<pose>Unspecified</pose>
		<truncated>1</truncated>
		<difficult>0</difficult>
		<bndbox>
			<xmin>766</xmin>
			<ymin>400</ymin>
			<xmax>1095</xmax>
			<ymax>1080</ymax>
		</bndbox>
	</object>
	<object>
		<name>Dead-end Polymer Insulator</name>
		<pose>Unspecified</pose>
		<truncated>1</truncated>
		<difficult>0</difficult>
		<bndbox>
			<xmin>1061</xmin>
			<ymin>496</ymin>
			<xmax>1501</xmax>
			<ymax>1080</ymax>
		</bndbox>
	</object>
	<object>
		<name>Polymer Insulator</name>
		<pose>Unspecified</pose>
		<truncated>1</truncated>
		<difficult>0</difficult>
		<bndbox>
			<xmin>983</xmin>
			<ymin>1</ymin>
			<xmax>1352</xmax>
			<ymax>456</ymax>
		</bndbox>
	</object>
</annotation>
