<annotation>
	<folder>train</folder>
	<filename>478_DJI_0242.jpg</filename>
	<path>/home/alex/tensorflow/tensorflow_pkg/tf_1.12_cuda10.0/models/research/object_detection/images/train/478_DJI_0242.jpg</path>
	<source>
		<database>Unknown</database>
	</source>
	<size>
		<width>1920</width>
		<height>1080</height>
		<depth>3</depth>
	</size>
	<segmented>0</segmented>
	<object>
		<name>Dead-end Polymer Insulator</name>
		<pose>Unspecified</pose>
		<truncated>0</truncated>
		<difficult>0</difficult>
		<bndbox>
			<xmin>722</xmin>
			<ymin>4</ymin>
			<xmax>914</xmax>
			<ymax>97</ymax>
		</bndbox>
	</object>
	<object>
		<name>Dead-end Polymer Insulator</name>
		<pose>Unspecified</pose>
		<truncated>0</truncated>
		<difficult>0</difficult>
		<bndbox>
			<xmin>942</xmin>
			<ymin>53</ymin>
			<xmax>1138</xmax>
			<ymax>149</ymax>
		</bndbox>
	</object>
	<object>
		<name>Dead-end Polymer Insulator</name>
		<pose>Unspecified</pose>
		<truncated>0</truncated>
		<difficult>0</difficult>
		<bndbox>
			<xmin>1237</xmin>
			<ymin>128</ymin>
			<xmax>1421</xmax>
			<ymax>251</ymax>
		</bndbox>
	</object>
	<object>
		<name>Polymer Insulator</name>
		<pose>Unspecified</pose>
		<truncated>1</truncated>
		<difficult>0</difficult>
		<bndbox>
			<xmin>1398</xmin>
			<ymin>1</ymin>
			<xmax>1467</xmax>
			<ymax>135</ymax>
		</bndbox>
	</object>
	<object>
		<name>Polymer Insulator</name>
		<pose>Unspecified</pose>
		<truncated>1</truncated>
		<difficult>0</difficult>
		<bndbox>
			<xmin>1214</xmin>
			<ymin>1</ymin>
			<xmax>1277</xmax>
			<ymax>92</ymax>
		</bndbox>
	</object>
	<object>
		<name>Dead-end Polymer Insulator</name>
		<pose>Unspecified</pose>
		<truncated>0</truncated>
		<difficult>0</difficult>
		<bndbox>
			<xmin>1478</xmin>
			<ymin>55</ymin>
			<xmax>1602</xmax>
			<ymax>120</ymax>
		</bndbox>
	</object>
	<object>
		<name>Polymer Insulator</name>
		<pose>Unspecified</pose>
		<truncated>0</truncated>
		<difficult>0</difficult>
		<bndbox>
			<xmin>886</xmin>
			<ymin>248</ymin>
			<xmax>999</xmax>
			<ymax>323</ymax>
		</bndbox>
	</object>
	<object>
		<name>Polymer Insulator</name>
		<pose>Unspecified</pose>
		<truncated>0</truncated>
		<difficult>0</difficult>
		<bndbox>
			<xmin>1297</xmin>
			<ymin>424</ymin>
			<xmax>1426</xmax>
			<ymax>512</ymax>
		</bndbox>
	</object>
	<object>
		<name>Jiffy Splice</name>
		<pose>Unspecified</pose>
		<truncated>0</truncated>
		<difficult>0</difficult>
		<bndbox>
			<xmin>339</xmin>
			<ymin>325</ymin>
			<xmax>514</xmax>
			<ymax>431</ymax>
		</bndbox>
	</object>
	<object>
		<name>Jiffy Splice</name>
		<pose>Unspecified</pose>
		<truncated>0</truncated>
		<difficult>0</difficult>
		<bndbox>
			<xmin>578</xmin>
			<ymin>477</ymin>
			<xmax>770</xmax>
			<ymax>607</ymax>
		</bndbox>
	</object>
	<object>
		<name>Jiffy Splice</name>
		<pose>Unspecified</pose>
		<truncated>0</truncated>
		<difficult>0</difficult>
		<bndbox>
			<xmin>117</xmin>
			<ymin>256</ymin>
			<xmax>266</xmax>
			<ymax>331</ymax>
		</bndbox>
	</object>
</annotation>
