<annotation>
	<folder>train</folder>
	<filename>483.jpg</filename>
	<path>/home/alex/tensorflow/tensorflow_pkg/tf_1.12_cuda10.0/models/research/object_detection/images/train/483.jpg</path>
	<source>
		<database>Unknown</database>
	</source>
	<size>
		<width>1920</width>
		<height>1080</height>
		<depth>3</depth>
	</size>
	<segmented>0</segmented>
	<object>
		<name>Polymer Arrester</name>
		<pose>Unspecified</pose>
		<truncated>0</truncated>
		<difficult>0</difficult>
		<bndbox>
			<xmin>1062</xmin>
			<ymin>489</ymin>
			<xmax>1434</xmax>
			<ymax>849</ymax>
		</bndbox>
	</object>
	<object>
		<name>Polymer Arrester</name>
		<pose>Unspecified</pose>
		<truncated>1</truncated>
		<difficult>0</difficult>
		<bndbox>
			<xmin>1673</xmin>
			<ymin>560</ymin>
			<xmax>1920</xmax>
			<ymax>1029</ymax>
		</bndbox>
	</object>
	<object>
		<name>Ceramic/Porcelain Insulator</name>
		<pose>Unspecified</pose>
		<truncated>1</truncated>
		<difficult>0</difficult>
		<bndbox>
			<xmin>1179</xmin>
			<ymin>1</ymin>
			<xmax>1539</xmax>
			<ymax>407</ymax>
		</bndbox>
	</object>
</annotation>
