<annotation>
	<folder>train</folder>
	<filename>688_DJI_0550.jpg</filename>
	<path>/home/alex/tensorflow/tensorflow_pkg/tf_1.12_cuda10.0/models/research/object_detection/images/train/688_DJI_0550.jpg</path>
	<source>
		<database>Unknown</database>
	</source>
	<size>
		<width>1920</width>
		<height>1080</height>
		<depth>3</depth>
	</size>
	<segmented>0</segmented>
	<object>
		<name>Vertical Disconnect Switch</name>
		<pose>Unspecified</pose>
		<truncated>0</truncated>
		<difficult>0</difficult>
		<bndbox>
			<xmin>1049</xmin>
			<ymin>257</ymin>
			<xmax>1285</xmax>
			<ymax>669</ymax>
		</bndbox>
	</object>
	<object>
		<name>Vertical Disconnect Switch</name>
		<pose>Unspecified</pose>
		<truncated>0</truncated>
		<difficult>0</difficult>
		<bndbox>
			<xmin>957</xmin>
			<ymin>264</ymin>
			<xmax>1159</xmax>
			<ymax>672</ymax>
		</bndbox>
	</object>
	<object>
		<name>Vertical Disconnect Switch</name>
		<pose>Unspecified</pose>
		<truncated>0</truncated>
		<difficult>0</difficult>
		<bndbox>
			<xmin>787</xmin>
			<ymin>284</ymin>
			<xmax>1019</xmax>
			<ymax>647</ymax>
		</bndbox>
	</object>
	<object>
		<name>Polymer Arrester</name>
		<pose>Unspecified</pose>
		<truncated>0</truncated>
		<difficult>0</difficult>
		<bndbox>
			<xmin>737</xmin>
			<ymin>917</ymin>
			<xmax>814</xmax>
			<ymax>1048</ymax>
		</bndbox>
	</object>
	<object>
		<name>Polymer Arrester</name>
		<pose>Unspecified</pose>
		<truncated>0</truncated>
		<difficult>0</difficult>
		<bndbox>
			<xmin>809</xmin>
			<ymin>921</ymin>
			<xmax>906</xmax>
			<ymax>1048</ymax>
		</bndbox>
	</object>
	<object>
		<name>Polymer Arrester</name>
		<pose>Unspecified</pose>
		<truncated>0</truncated>
		<difficult>0</difficult>
		<bndbox>
			<xmin>902</xmin>
			<ymin>929</ymin>
			<xmax>998</xmax>
			<ymax>1060</ymax>
		</bndbox>
	</object>
	<object>
		<name>Dead-end Polymer Insulator</name>
		<pose>Unspecified</pose>
		<truncated>0</truncated>
		<difficult>0</difficult>
		<bndbox>
			<xmin>1217</xmin>
			<ymin>120</ymin>
			<xmax>1465</xmax>
			<ymax>209</ymax>
		</bndbox>
	</object>
</annotation>
