<annotation>
	<folder>train</folder>
	<filename>726_DJI_0588.jpg</filename>
	<path>/home/alex/tensorflow/tensorflow_pkg/tf_1.12_cuda10.0/models/research/object_detection/images/train/726_DJI_0588.jpg</path>
	<source>
		<database>Unknown</database>
	</source>
	<size>
		<width>1920</width>
		<height>1080</height>
		<depth>3</depth>
	</size>
	<segmented>0</segmented>
	<object>
		<name>Dead-end Polymer Insulator</name>
		<pose>Unspecified</pose>
		<truncated>1</truncated>
		<difficult>0</difficult>
		<bndbox>
			<xmin>1055</xmin>
			<ymin>563</ymin>
			<xmax>1917</xmax>
			<ymax>1080</ymax>
		</bndbox>
	</object>
	<object>
		<name>Dead-end Ceramic Insulator</name>
		<pose>Unspecified</pose>
		<truncated>0</truncated>
		<difficult>0</difficult>
		<bndbox>
			<xmin>297</xmin>
			<ymin>271</ymin>
			<xmax>1335</xmax>
			<ymax>876</ymax>
		</bndbox>
	</object>
</annotation>
