<annotation>
	<folder>train</folder>
	<filename>807.jpg</filename>
	<path>/home/alex/tensorflow/tensorflow_pkg/tf_1.12_cuda10.0/models/research/object_detection/images/train/807.jpg</path>
	<source>
		<database>Unknown</database>
	</source>
	<size>
		<width>1920</width>
		<height>1080</height>
		<depth>3</depth>
	</size>
	<segmented>0</segmented>
	<object>
		<name>Dead-end Ceramic Insulator</name>
		<pose>Unspecified</pose>
		<truncated>0</truncated>
		<difficult>0</difficult>
		<bndbox>
			<xmin>507</xmin>
			<ymin>299</ymin>
			<xmax>1055</xmax>
			<ymax>444</ymax>
		</bndbox>
	</object>
	<object>
		<name>Dead-end Ceramic Insulator</name>
		<pose>Unspecified</pose>
		<truncated>0</truncated>
		<difficult>0</difficult>
		<bndbox>
			<xmin>954</xmin>
			<ymin>4</ymin>
			<xmax>1105</xmax>
			<ymax>264</ymax>
		</bndbox>
	</object>
	<object>
		<name>Dead-end Ceramic Insulator</name>
		<pose>Unspecified</pose>
		<truncated>0</truncated>
		<difficult>0</difficult>
		<bndbox>
			<xmin>1067</xmin>
			<ymin>391</ymin>
			<xmax>1218</xmax>
			<ymax>869</ymax>
		</bndbox>
	</object>
</annotation>
